k,inertia,silhouette
2,868.3215634971386,0.019993636349026126
3,854.267223506232,0.021513885582034136
4,843.366063237408,0.020421093146663793
5,834.7945165476256,0.0218303196847517
6,825.9058348952694,0.02323740493722699
7,816.7241315214262,0.027555132321272966
8,807.4498128473933,0.03217644213709404
9,799.1464447027207,0.03368475096063095
10,789.1347793172852,0.0377359021138603
